{"cameraMode":{"drawMode":0,"name":"Shaded","section":"Shading Mode"},"sceneLighting":true,"audioPlay":false,"sceneViewState":{"m_AlwaysRefresh":false,"showFog":true,"showSkybox":true,"showFlares":true,"showImageEffects":true,"showParticleSystems":true,"showVisualEffectGraphs":true,"m_FxEnabled":true},"in2DMode":false,"pivot":{"x":-36.112876892089847,"y":-287.6937561035156,"z":-13.532625198364258},"rotation":{"x":0.42059773206710818,"y":-0.5741956233978272,"z":0.44319555163383486,"w":0.5449973344802856},"size":226.29702758789063,"orthographic":false}